-- phpMyAdmin SQL Dump
-- version 5.2.1
-- https://www.phpmyadmin.net/
--
-- Servidor: 127.0.0.1
-- Tiempo de generación: 21-02-2024 a las 01:58:56
-- Versión del servidor: 10.4.32-MariaDB
-- Versión de PHP: 8.2.12

SET SQL_MODE = "NO_AUTO_VALUE_ON_ZERO";
START TRANSACTION;
SET time_zone = "+00:00";


/*!40101 SET @OLD_CHARACTER_SET_CLIENT=@@CHARACTER_SET_CLIENT */;
/*!40101 SET @OLD_CHARACTER_SET_RESULTS=@@CHARACTER_SET_RESULTS */;
/*!40101 SET @OLD_COLLATION_CONNECTION=@@COLLATION_CONNECTION */;
/*!40101 SET NAMES utf8mb4 */;

--
-- Base de datos: `ingresos`
--

-- --------------------------------------------------------

--
-- Estructura de tabla para la tabla `accesos`
--

CREATE TABLE `accesos` (
  `idAccesos` int(11) NOT NULL,
  `IdTipoAcceso` int(11) NOT NULL,
  `Ultimo` datetime NOT NULL,
  `Usuarios_idUsuarios` int(11) NOT NULL
) ENGINE=InnoDB DEFAULT CHARSET=utf8 COLLATE=utf8_general_ci;

--
-- Volcado de datos para la tabla `accesos`
--

INSERT INTO `accesos` (`idAccesos`, `IdTipoAcceso`, `Ultimo`, `Usuarios_idUsuarios`) VALUES
(1, 1, '0000-00-00 00:00:00', 8),
(2, 2, '0000-00-00 00:00:00', 8),
(3, 3, '0000-00-00 00:00:00', 8);

-- --------------------------------------------------------

--
-- Estructura de tabla para la tabla `roles`
--

CREATE TABLE `roles` (
  `idRoles` int(11) NOT NULL,
  `Rol` varchar(45) NOT NULL
) ENGINE=InnoDB DEFAULT CHARSET=utf8 COLLATE=utf8_general_ci;

--
-- Volcado de datos para la tabla `roles`
--

INSERT INTO `roles` (`idRoles`, `Rol`) VALUES
(5, 'ADMINISTRADOR'),
(6, 'Control');

-- --------------------------------------------------------

--
-- Estructura de tabla para la tabla `sucursales`
--

CREATE TABLE `sucursales` (
  `SucursalId` int(11) NOT NULL,
  `Nombre` text NOT NULL,
  `Direccion` text NOT NULL,
  `Telefono` text NOT NULL,
  `Correo` text NOT NULL,
  `Parroquia` text NOT NULL,
  `Canton` text NOT NULL,
  `Provincia` text NOT NULL
) ENGINE=InnoDB DEFAULT CHARSET=utf8 COLLATE=utf8_general_ci;

--
-- Volcado de datos para la tabla `sucursales`
--

INSERT INTO `sucursales` (`SucursalId`, `Nombre`, `Direccion`, `Telefono`, `Correo`, `Parroquia`, `Canton`, `Provincia`) VALUES
(5, 'Ambato', 'UNIANDES', '0987654321', 'correo@gmail.com', 'San Antonio', 'Ambato', 'Tungurahua'),
(6, 'Salasaca', 'Salasaca', '0987654321', 'correosalasaca@gmail.com', 'Salasaca', 'Pelileo', 'Tungurahua');

-- --------------------------------------------------------

--
-- Estructura de tabla para la tabla `tipo_acceso`
--

CREATE TABLE `tipo_acceso` (
  `IdTipoAcceso` int(11) NOT NULL,
  `Detalle` text NOT NULL
) ENGINE=InnoDB DEFAULT CHARSET=utf8 COLLATE=utf8_general_ci;

--
-- Volcado de datos para la tabla `tipo_acceso`
--

INSERT INTO `tipo_acceso` (`IdTipoAcceso`, `Detalle`) VALUES
(1, 'Ingreso'),
(2, 'Salida'),
(3, 'Ingreso Almuerzo'),
(4, 'Salida Almuerzo');

-- --------------------------------------------------------

--
-- Estructura de tabla para la tabla `usuarios`
--

CREATE TABLE `usuarios` (
  `idUsuarios` int(11) NOT NULL,
  `Nombres` varchar(45) NOT NULL,
  `Apellidos` text NOT NULL,
  `contrasenia` varchar(45) NOT NULL,
  `Correo` varchar(45) NOT NULL,
  `SucursalId` int(11) NOT NULL,
  `Cedula` varchar(17) NOT NULL,
  `capturas` blob NOT NULL,
  `fecha_creacion` timestamp NOT NULL DEFAULT current_timestamp() ON UPDATE current_timestamp()
) ENGINE=InnoDB DEFAULT CHARSET=utf8 COLLATE=utf8_general_ci;

--
-- Volcado de datos para la tabla `usuarios`
--

INSERT INTO `usuarios` (`idUsuarios`, `Nombres`, `Apellidos`, `contrasenia`, `Correo`, `SucursalId`, `Cedula`, `capturas`, `fecha_creacion`) VALUES
(3, 'Luis', 'Llerena', '123', 'correo@gmail.com', 5, '1803971371', '', '2024-02-21 00:58:44'),
(4, 'xxxx', 'xxxx', '123', 'otro@otro.com', 5, '1804233151', '', '2024-02-21 00:58:44'),
(5, 'Luis Antonio', 'Llerena Ocaña', '123', 'lleroc@gmail.com', 6, '1801770569', '', '2024-02-21 00:58:44'),
(6, 'kjhvkjhbk', 'bkjhbkjhbkjhb', '', '', 6, '1802491181', '', '2024-02-21 00:58:44'),
(7, 'kjhvkjhbk', 'bkjhbkjhbkjhb', '', '', 6, '1803971730', '', '2024-02-21 00:58:44'),
(8, 'Andrés', 'García', '1234', 'andres_garcia3010@hotmail.com', 5, '2350017170', '', '2024-02-21 00:58:44');

-- --------------------------------------------------------

--
-- Estructura de tabla para la tabla `usuarios_roles`
--

CREATE TABLE `usuarios_roles` (
  `Usuarios_idUsuarios` int(11) NOT NULL,
  `Roles_idRoles` int(11) NOT NULL,
  `idUsuariosRoles` int(11) NOT NULL
) ENGINE=InnoDB DEFAULT CHARSET=utf8 COLLATE=utf8_general_ci;

--
-- Volcado de datos para la tabla `usuarios_roles`
--

INSERT INTO `usuarios_roles` (`Usuarios_idUsuarios`, `Roles_idRoles`, `idUsuariosRoles`) VALUES
(3, 5, 3),
(4, 5, 4),
(5, 6, 5),
(7, 6, 7);

--
-- Índices para tablas volcadas
--

--
-- Indices de la tabla `accesos`
--
ALTER TABLE `accesos`
  ADD PRIMARY KEY (`idAccesos`),
  ADD KEY `fk_Accesos_Usuarios1_idx` (`Usuarios_idUsuarios`),
  ADD KEY `Acceso_tipoAcceso` (`IdTipoAcceso`);

--
-- Indices de la tabla `roles`
--
ALTER TABLE `roles`
  ADD PRIMARY KEY (`idRoles`);

--
-- Indices de la tabla `sucursales`
--
ALTER TABLE `sucursales`
  ADD PRIMARY KEY (`SucursalId`);

--
-- Indices de la tabla `tipo_acceso`
--
ALTER TABLE `tipo_acceso`
  ADD PRIMARY KEY (`IdTipoAcceso`);

--
-- Indices de la tabla `usuarios`
--
ALTER TABLE `usuarios`
  ADD PRIMARY KEY (`idUsuarios`),
  ADD KEY `Usuarios_Sucursales` (`SucursalId`);

--
-- Indices de la tabla `usuarios_roles`
--
ALTER TABLE `usuarios_roles`
  ADD PRIMARY KEY (`idUsuariosRoles`),
  ADD KEY `fk_Usuarios_has_Roles_Roles1_idx` (`Roles_idRoles`),
  ADD KEY `fk_Usuarios_has_Roles_Usuarios1_idx` (`Usuarios_idUsuarios`);

--
-- AUTO_INCREMENT de las tablas volcadas
--

--
-- AUTO_INCREMENT de la tabla `accesos`
--
ALTER TABLE `accesos`
  MODIFY `idAccesos` int(11) NOT NULL AUTO_INCREMENT, AUTO_INCREMENT=4;

--
-- AUTO_INCREMENT de la tabla `roles`
--
ALTER TABLE `roles`
  MODIFY `idRoles` int(11) NOT NULL AUTO_INCREMENT, AUTO_INCREMENT=7;

--
-- AUTO_INCREMENT de la tabla `sucursales`
--
ALTER TABLE `sucursales`
  MODIFY `SucursalId` int(11) NOT NULL AUTO_INCREMENT, AUTO_INCREMENT=7;

--
-- AUTO_INCREMENT de la tabla `tipo_acceso`
--
ALTER TABLE `tipo_acceso`
  MODIFY `IdTipoAcceso` int(11) NOT NULL AUTO_INCREMENT, AUTO_INCREMENT=5;

--
-- AUTO_INCREMENT de la tabla `usuarios`
--
ALTER TABLE `usuarios`
  MODIFY `idUsuarios` int(11) NOT NULL AUTO_INCREMENT, AUTO_INCREMENT=9;

--
-- AUTO_INCREMENT de la tabla `usuarios_roles`
--
ALTER TABLE `usuarios_roles`
  MODIFY `idUsuariosRoles` int(11) NOT NULL AUTO_INCREMENT, AUTO_INCREMENT=8;

--
-- Restricciones para tablas volcadas
--

--
-- Filtros para la tabla `accesos`
--
ALTER TABLE `accesos`
  ADD CONSTRAINT `Acceso_tipoAcceso` FOREIGN KEY (`IdTipoAcceso`) REFERENCES `tipo_acceso` (`IdTipoAcceso`),
  ADD CONSTRAINT `fk_Accesos_Usuarios1` FOREIGN KEY (`Usuarios_idUsuarios`) REFERENCES `usuarios` (`idUsuarios`) ON DELETE NO ACTION ON UPDATE NO ACTION;

--
-- Filtros para la tabla `usuarios`
--
ALTER TABLE `usuarios`
  ADD CONSTRAINT `Usuarios_Sucursales` FOREIGN KEY (`SucursalId`) REFERENCES `sucursales` (`SucursalId`);

--
-- Filtros para la tabla `usuarios_roles`
--
ALTER TABLE `usuarios_roles`
  ADD CONSTRAINT `fk_Usuarios_has_Roles_Roles1` FOREIGN KEY (`Roles_idRoles`) REFERENCES `roles` (`idRoles`) ON DELETE NO ACTION ON UPDATE NO ACTION,
  ADD CONSTRAINT `fk_Usuarios_has_Roles_Usuarios1` FOREIGN KEY (`Usuarios_idUsuarios`) REFERENCES `usuarios` (`idUsuarios`) ON DELETE NO ACTION ON UPDATE NO ACTION;
COMMIT;

/*!40101 SET CHARACTER_SET_CLIENT=@OLD_CHARACTER_SET_CLIENT */;
/*!40101 SET CHARACTER_SET_RESULTS=@OLD_CHARACTER_SET_RESULTS */;
/*!40101 SET COLLATION_CONNECTION=@OLD_COLLATION_CONNECTION */;
